{
  "timestamp": "2025-09-25T14:13:53.076Z",
  "totalRecords": 366,
  "data": [
    63151.89959401337,
    65130.76884023231,
    65791.00212541742,
    65934.10709441357,
    65663.68986662335,
    63243.27532464382,
    60872.668543725544,
    60655.55979196848,
    60727.86395169296,
    62103.01047283253,
    62091.932585194016,
    62811.79972811266,
    62287.39010510681,
    62185.230423727575,
    60597.15045618275,
    60195.18073772453,
    62392.34048293159,
    63207.77062127557,
    62829.533686088886,
    66049.99492708022,
    66962.21994496793,
    67647.54414766871,
    67328.10527002988,
    68465.61920668735,
    68388.87128965274,
    68962.82918045693,
    67394.85775735618,
    67351.04793512498,
    66683.96806542306,
    68214.05205157402,
    66585.66535501445,
    67018.1650170265,
    67938.55412885673,
    69845.304531169,
    72781.11308158132,
    72342.62171127986,
    70264.99735573279,
    69507.92256395647,
    69299.16036699413,
    68803.50626277467,
    67793.29782704762,
    69335.42553133758,
    75620.88606963192,
    75987.24178320667,
    76550.0213845611,
    76630.22631415377,
    80466.71654833542,
    88637.42000322911,
    88264.59974582895,
    90488.10007497849,
    87407.51273710128,
    90947.97509443703,
    90606.45489380708,
    89841.47194135105,
    90534.62459650292,
    92251.65240738312,
    94217.02229634205,
    98509.11859102432,
    98927.49494553401,
    97679.46381643033,
    98015.9355289458,
    93004.70093103287,
    91931.83077291827,
    95981.18057210564,
    95661.59595817851,
    97453.2473451042,
    96513.14234698225,
    97311.70719084324,
    95833.1362300365,
    96031.63097759831,
    98881.4694561823,
    97201.50036407741,
    99973.85150659826,
    99781.82999198174,
    101235.3717025316,
    97353.94700820887,
    96649.71446771531,
    101123.61811033697,
    100000.80836535197,
    101352.22971292294,
    101367.01064553364,
    104721.50151808978,
    106074.10723541168,
    106034.913402645,
    100355.5761481501,
    97851.35377075805,
    97691.43431692653,
    97202.82496847633,
    95094.27394862173,
    94644.91085464321,
    98695.71400782601,
    99344.95417367229,
    95678.31244565405,
    94331.94727053077,
    95184.61945288602,
    93663.44751964067,
    92627.28213113277,
    93507.85874741491,
    94384.1761153871,
    96852.14681235075,
    98084.34279280754,
    98256.73876849933,
    98364.58946599838,
    102229.39453189743,
    96952.09886774956,
    95016.71440989176,
    92376.27578346101,
    94736.6267420969,
    94559.55167224213,
    94454.77089638807,
    94456.3493746993,
    96574.07768799194,
    100313.15239828422,
    100044.57926776377,
    104160.69358484233,
    104334.61575724394,
    101275.33714814208,
    101764.90860170545,
    106182.2368201815,
    103673.53509537787,
    104067.60991206947,
    104835.19253555956,
    104796.04077738234,
    102552.24874280207,
    101958.46953745594,
    101313.11264498268,
    103718.97939813645,
    104781.5135100103,
    102382.39409722165,
    100674.78762544956,
    97568.31653024875,
    101466.8606657039,
    98118.43921664466,
    96582.88682919052,
    96635.41875332211,
    96558.4563096667,
    96558.23762501091,
    96548.57865379585,
    97399.98161383197,
    95739.97737079239,
    97836.18856127483,
    96561.6639990985,
    97488.48148536457,
    97569.95169430465,
    96149.3484548204,
    95776.15723852723,
    95495.89153299287,
    96554.87156259285,
    98384.31738240314,
    96135.15541305285,
    96564.15414290235,
    96327.46309127835,
    91396.76686930266,
    88755.7693356979,
    83900.11496524839,
    84709.14477847965,
    84441.9012237131,
    86005.25629681018,
    94261.53286538439,
    86124.71418722175,
    87310.80531078295,
    90604.08098523637,
    90001.40087607042,
    86773.33597555371,
    86142.9833586432,
    80751.13893300897,
    78783.94057934263,
    82799.1080292053,
    83884.24578828987,
    81098.90052436228,
    83971.70916064628,
    84391.69087647168,
    82610.61750343916,
    84075.36559694471,
    82780.03048688271,
    86815.44109470697,
    84270.84358966233,
    84009.532917822,
    83793.30854192551,
    85787.70914901773,
    87327.72969669085,
    87520.58391530563,
    86960.8555491039,
    87227.27158032371,
    84359.46915506005,
    82679.17255385047,
    82356.38111183756,
    82514.09365397849,
    85237.5876052852,
    82526.4221526433,
    83163.98757387721,
    83852.00765399594,
    83595.88550177493,
    78211.48358199988,
    79179.29226757778,
    76329.090356324,
    82622.17029546302,
    79596.35732250768,
    83439.28818043756,
    85305.09728392666,
    83600.82010054543,
    84523.4524914945,
    83656.49248858042,
    84105.77942167096,
    84930.90857600998,
    84433.75017215389,
    85126.66244301842,
    85073.16544858096,
    87452.04699068287,
    93576.16588573981,
    93605.45230873208,
    93872.81422867288,
    94773.11200643536,
    94644.06637120107,
    93809.33781968223,
    95030.60645474444,
    94256.35946318062,
    94235.75331048167,
    96426.94522273027,
    96855.5681343944,
    95922.86842404422,
    94326.62048529249,
    94758.8237105546,
    96854.53198815876,
    97026.49376966801,
    103076.27555512934,
    102962.54045692299,
    104630.8792994166,
    103994.061616746,
    102876.8304286011,
    104184.49039270742,
    103594.42575090709,
    103708.85136423641,
    103556.03493982446,
    103212.36483885496,
    106030.6376831359,
    105629.41580436694,
    106786.71995834043,
    109665.86371625263,
    111560.356938144,
    107216.66856870624,
    107831.36374380375,
    108861.81037744327,
    109377.71513263129,
    109068.45694901445,
    107838.18431100152,
    105745.41660358038,
    104010.91956242644,
    104687.50742934884,
    105710.00593822816,
    105884.74263221149,
    105434.47745144971,
    104812.9182188067,
    101650.7387545425,
    104409.74967959142,
    105681.4546141758,
    105692.24740699006,
    110261.57485948496,
    110212.73252109604,
    108679.9760916168,
    105979.22902375912,
    106045.56440819203,
    105482.90611628917,
    105554.49383061715,
    106951.2720181497,
    104683.42479835715,
    104722.695052907,
    104690.65002458123,
    103290.105144757,
    101532.5683847329,
    100852.58264648831,
    105511.62437933135,
    105976.06929808448,
    107238.53045016268,
    106984.01253775663,
    107078.91560644074,
    107331.58548463577,
    108396.61631317894,
    107132.79910701896,
    105613.39974163055,
    108824.44423167943,
    109602.20483914016,
    108040.8919400104,
    108217.46849992426,
    109215.19771840284,
    108300.71675785031,
    108953.19187727802,
    111327.53054245669,
    115879.65030112496,
    117571.02510036016,
    117418.95745007684,
    119117.55666327637,
    119833.67446712355,
    117678.19493404306,
    118748.1627367753,
    119445.36520434043,
    117988.94664455787,
    117901.62655900871,
    117256.9208222684,
    117482.46977767294,
    119955.79570607653,
    118629.05588130427,
    118354.43517438594,
    117540.80837085741,
    117959.54234360624,
    119418.91405141471,
    118003.30201607826,
    117853.30892863822,
    117833.24087995925,
    115700.00243915782,
    113234.6051343189,
    112554.90232221723,
    114199.10966460757,
    115138.68613070177,
    114128.35408881678,
    115022.09576830892,
    117463.47451085235,
    116688.36663186055,
    116510.08393213755,
    119266.92516880555,
    118773.79960860992,
    120202.53485503166,
    123560.99363577305,
    118405.59579823953,
    117339.79190213277,
    117501.21653394958,
    117542.83687778088,
    116256.41276740946,
    112778.34483555844,
    114252.39755195397,
    112414.39987336512,
    116834.24948202295,
    115359.98346714744,
    113399.54847314971,
    110185.35443900425,
    111842.70999260596,
    111216.08479629169,
    112525.59740669793,
    108480.30666639366,
    108781.95727925687,
